elapsed_s,participant_id,session_id,event_type,x,y,z,yaw,zone_id,detail
0.007,2KK6EMU,P001_2KK6EMU,position_sample,-63.42,0.32,-38.47,98.76,,
0.678,2KK6EMU,P001_2KK6EMU,position_sample,-63.42,0.32,-38.47,98.76,,
0.871,2KK6EMU,P001_2KK6EMU,position_sample,-63.42,0.32,-38.47,98.76,,
1.062,2KK6EMU,P001_2KK6EMU,zone_enter,,,,,computers-zone11,
1.07,2KK6EMU,P001_2KK6EMU,audio_started,,,,,,computers-zone11
1.087,2KK6EMU,P001_2KK6EMU,position_sample,-63.21,0.23,-38.32,98.76,,
1.247,2KK6EMU,P001_2KK6EMU,zone_exit,,,,,computers-zone11,
1.247,2KK6EMU,P001_2KK6EMU,audio_interrupted,,,,,,computers-zone11
1.293,2KK6EMU,P001_2KK6EMU,position_sample,-63.05,0,-37.96,98.76,,
1.52,2KK6EMU,P001_2KK6EMU,position_sample,-62.92,0,-37.43,98.76,,
1.689,2KK6EMU,P001_2KK6EMU,position_sample,-62.74,0,-37.28,98.76,,
1.869,2KK6EMU,P001_2KK6EMU,position_sample,-62.74,0,-37.28,98.76,,
2.078,2KK6EMU,P001_2KK6EMU,position_sample,-62.68,0,-37.26,98.76,,
2.328,2KK6EMU,P001_2KK6EMU,position_sample,-62.3,0,-37.08,98.76,,
2.493,2KK6EMU,P001_2KK6EMU,position_sample,-61.93,0,-36.9,98.76,,
2.745,2KK6EMU,P001_2KK6EMU,position_sample,-61.36,0,-36.63,98.76,,
2.912,2KK6EMU,P001_2KK6EMU,position_sample,-60.98,0,-36.46,98.76,,
3.082,2KK6EMU,P001_2KK6EMU,position_sample,-60.37,0,-36.42,98.76,,
3.292,2KK6EMU,P001_2KK6EMU,position_sample,-60.03,0,-36.52,98.76,,
3.503,2KK6EMU,P001_2KK6EMU,position_sample,-59.53,0,-36.7,98.76,,
3.719,2KK6EMU,P001_2KK6EMU,position_sample,-59.03,0,-36.9,98.76,,
3.889,2KK6EMU,P001_2KK6EMU,position_sample,-58.61,0,-37.09,98.76,,
4.118,2KK6EMU,P001_2KK6EMU,position_sample,-58.12,0,-37.37,98.76,,
4.279,2KK6EMU,P001_2KK6EMU,position_sample,-57.64,0,-37.63,98.76,,
4.491,2KK6EMU,P001_2KK6EMU,position_sample,-57.25,0,-37.8,98.76,,
4.702,2KK6EMU,P001_2KK6EMU,position_sample,-56.75,0,-37.97,98.76,,
4.785,2KK6EMU,P001_2KK6EMU,zone_enter,,,,,fridge-zone8,
4.795,2KK6EMU,P001_2KK6EMU,audio_started,,,,,,fridge-zone8
4.87,2KK6EMU,P001_2KK6EMU,position_sample,-56.27,0,-38.17,98.76,,
5.078,2KK6EMU,P001_2KK6EMU,position_sample,-55.9,0,-38.53,98.76,,
5.291,2KK6EMU,P001_2KK6EMU,position_sample,-55.68,0,-38.79,98.76,,
5.503,2KK6EMU,P001_2KK6EMU,position_sample,-55.68,0,-38.79,98.76,,
5.67,2KK6EMU,P001_2KK6EMU,position_sample,-55.68,0,-38.8,98.76,,
5.879,2KK6EMU,P001_2KK6EMU,position_sample,-55.34,0,-39.09,98.76,,
6.09,2KK6EMU,P001_2KK6EMU,position_sample,-55.34,0,-39.09,98.76,,
6.298,2KK6EMU,P001_2KK6EMU,position_sample,-55.34,0,-39.09,98.76,,
6.504,2KK6EMU,P001_2KK6EMU,position_sample,-55.34,0,-39.09,98.76,,
6.709,2KK6EMU,P001_2KK6EMU,position_sample,-55.34,0,-39.09,98.76,,
6.877,2KK6EMU,P001_2KK6EMU,position_sample,-55.34,0,-39.09,98.76,,
7.087,2KK6EMU,P001_2KK6EMU,position_sample,-55.31,0,-38.94,98.76,,
7.294,2KK6EMU,P001_2KK6EMU,position_sample,-55.22,0,-38.53,98.76,,
7.502,2KK6EMU,P001_2KK6EMU,position_sample,-55.14,0,-38.37,98.76,,
7.709,2KK6EMU,P001_2KK6EMU,position_sample,-55.14,0,-38.37,98.76,,
7.888,2KK6EMU,P001_2KK6EMU,position_sample,-55.34,0,-38.5,98.76,,
8.102,2KK6EMU,P001_2KK6EMU,position_sample,-55.9,0,-38.59,98.76,,
8.277,2KK6EMU,P001_2KK6EMU,position_sample,-56.44,0,-38.6,98.76,,
8.319,2KK6EMU,P001_2KK6EMU,zone_exit,,,,,fridge-zone8,
8.319,2KK6EMU,P001_2KK6EMU,audio_interrupted,,,,,,fridge-zone8
8.492,2KK6EMU,P001_2KK6EMU,zone_enter,,,,,autoclave-zone9,
8.502,2KK6EMU,P001_2KK6EMU,audio_started,,,,,,autoclave-zone9
8.502,2KK6EMU,P001_2KK6EMU,position_sample,-56.84,0,-38.46,98.76,,
8.688,2KK6EMU,P001_2KK6EMU,position_sample,-56.84,0,-38.46,98.76,,
8.885,2KK6EMU,P001_2KK6EMU,position_sample,-57.18,0,-38.71,98.76,,
9.077,2KK6EMU,P001_2KK6EMU,position_sample,-57.41,0,-38.98,98.76,,
9.272,2KK6EMU,P001_2KK6EMU,position_sample,-57.57,0,-39.2,98.76,,
9.481,2KK6EMU,P001_2KK6EMU,position_sample,-57.63,0,-39.29,98.76,,
9.676,2KK6EMU,P001_2KK6EMU,position_sample,-57.63,0,-39.29,98.76,,
9.871,2KK6EMU,P001_2KK6EMU,position_sample,-57.69,0,-38.96,98.76,,
10.08,2KK6EMU,P001_2KK6EMU,position_sample,-57.71,0,-38.44,98.76,,
10.141,2KK6EMU,P001_2KK6EMU,zone_exit,,,,,autoclave-zone9,
10.141,2KK6EMU,P001_2KK6EMU,audio_interrupted,,,,,,autoclave-zone9
10.27,2KK6EMU,P001_2KK6EMU,position_sample,-57.66,0,-38.26,98.76,,
10.471,2KK6EMU,P001_2KK6EMU,position_sample,-57.66,0,-38.26,98.76,,
10.693,2KK6EMU,P001_2KK6EMU,position_sample,-57.66,0,-38.26,98.76,,
10.889,2KK6EMU,P001_2KK6EMU,position_sample,-58.17,0,-38.35,98.76,,
11.084,2KK6EMU,P001_2KK6EMU,position_sample,-58.66,0,-38.37,98.76,,
11.278,2KK6EMU,P001_2KK6EMU,position_sample,-59.12,0,-38.5,98.76,,
11.389,2KK6EMU,P001_2KK6EMU,zone_enter,,,,,microscope-zone10,
11.397,2KK6EMU,P001_2KK6EMU,audio_started,,,,,,microscope-zone10
11.473,2KK6EMU,P001_2KK6EMU,position_sample,-59.53,0,-38.76,98.76,,
11.671,2KK6EMU,P001_2KK6EMU,position_sample,-59.73,0,-38.91,98.76,,
11.881,2KK6EMU,P001_2KK6EMU,position_sample,-59.73,0,-38.91,98.76,,
12.076,2KK6EMU,P001_2KK6EMU,position_sample,-59.73,0,-38.91,98.76,,
12.283,2KK6EMU,P001_2KK6EMU,position_sample,-59.76,0,-38.85,98.76,,
12.47,2KK6EMU,P001_2KK6EMU,position_sample,-59.79,0,-38.87,98.76,,
12.675,2KK6EMU,P001_2KK6EMU,position_sample,-60.23,0,-38.94,98.76,,
12.883,2KK6EMU,P001_2KK6EMU,position_sample,-60.23,0,-38.94,98.76,,
13.079,2KK6EMU,P001_2KK6EMU,position_sample,-58.38,0,-40.38,143.76,,
13.29,2KK6EMU,P001_2KK6EMU,position_sample,-58.38,0,-40.38,143.76,,
13.493,2KK6EMU,P001_2KK6EMU,position_sample,-58.38,0,-40.38,143.76,,
13.696,2KK6EMU,P001_2KK6EMU,position_sample,-58.43,0,-40.15,143.76,,
13.905,2KK6EMU,P001_2KK6EMU,position_sample,-58.47,0,-39.87,143.76,,
13.96,2KK6EMU,P001_2KK6EMU,zone_exit,,,,,microscope-zone10,
13.96,2KK6EMU,P001_2KK6EMU,audio_interrupted,,,,,,microscope-zone10
14.094,2KK6EMU,P001_2KK6EMU,position_sample,-58.32,0,-39.43,143.76,,
14.316,2KK6EMU,P001_2KK6EMU,position_sample,-58.03,0,-38.99,143.76,,
14.484,2KK6EMU,P001_2KK6EMU,position_sample,-57.66,0,-38.51,143.76,,
14.734,2KK6EMU,P001_2KK6EMU,position_sample,-57.44,0,-38.15,143.76,,
14.901,2KK6EMU,P001_2KK6EMU,zone_enter,,,,,petriDish-zone12,
14.909,2KK6EMU,P001_2KK6EMU,audio_started,,,,,,petriDish-zone12
14.909,2KK6EMU,P001_2KK6EMU,position_sample,-57.4,0,-37.74,143.76,,
15.151,2KK6EMU,P001_2KK6EMU,position_sample,-57.42,0,-37.64,143.76,,
15.31,2KK6EMU,P001_2KK6EMU,position_sample,-57.42,0,-37.64,143.76,,
15.527,2KK6EMU,P001_2KK6EMU,position_sample,-57.64,0,-37.46,143.76,,
15.67,2KK6EMU,P001_2KK6EMU,position_sample,-57.73,0,-37.46,143.76,,
15.909,2KK6EMU,P001_2KK6EMU,position_sample,-57.73,0,-37.46,143.76,,
16.086,2KK6EMU,P001_2KK6EMU,position_sample,-57.73,0,-37.46,143.76,,
16.283,2KK6EMU,P001_2KK6EMU,position_sample,-57.73,0,-37.46,143.76,,
16.485,2KK6EMU,P001_2KK6EMU,position_sample,-57.73,0,-37.46,143.76,,
16.68,2KK6EMU,P001_2KK6EMU,position_sample,-57.73,0,-37.46,143.76,,
16.877,2KK6EMU,P001_2KK6EMU,position_sample,-57.73,0,-37.46,143.76,,
17.071,2KK6EMU,P001_2KK6EMU,position_sample,-57.73,0,-37.46,143.76,,
17.269,2KK6EMU,P001_2KK6EMU,position_sample,-57.73,0,-37.46,143.76,,
17.477,2KK6EMU,P001_2KK6EMU,position_sample,-57.73,0,-37.46,143.76,,
17.683,2KK6EMU,P001_2KK6EMU,position_sample,-57.73,0,-37.46,143.76,,
17.876,2KK6EMU,P001_2KK6EMU,position_sample,-57.73,0,-37.46,143.76,,
18.071,2KK6EMU,P001_2KK6EMU,position_sample,-57.73,0,-37.46,143.76,,
18.278,2KK6EMU,P001_2KK6EMU,position_sample,-57.73,0,-37.46,143.76,,
18.473,2KK6EMU,P001_2KK6EMU,position_sample,-57.73,0,-37.46,143.76,,
18.696,2KK6EMU,P001_2KK6EMU,position_sample,-57.73,0,-37.46,143.76,,
18.891,2KK6EMU,P001_2KK6EMU,position_sample,-57.73,0,-37.46,143.76,,
